face,term,beta,se,ci_lo,ci_hi,p,n,r2
stability,hill1,0.3800603182181697,0.12810540614897697,0.12897833594129887,0.6311423004950405,0.0030093802969800142,101,0.35413413468188737
stability,resp_div,-0.24919306823023585,0.19432975017710333,-0.6300723797020246,0.13168624324155287,0.19973015685977558,101,0.35413413468188737
stability,log_gdp_pc,-0.20659363122842272,0.1105007458425609,-0.4231711133446562,0.00998385088781073,0.061537578324904516,101,0.35413413468188737
stability,fert_kg_ha,0.24609715809347377,0.2205121006152714,-0.18609861726773086,0.6782929334546783,0.2644111598456912,101,0.35413413468188737
stability,irrig_share,0.11191254198251799,0.10460339786916475,-0.09310635050155877,0.3169314344665948,0.28467565627077684,101,0.35413413468188737
resistance,hill1,0.09298639608896693,0.09485876696105054,-0.09293337077257012,0.27890616295050397,0.32695705955654797,96,0.12807305014787151
resistance,resp_div,-0.11680583838818913,0.11777933480652306,-0.34764909273205913,0.11403741595568088,0.32132702086299203,96,0.12807305014787151
resistance,log_gdp_pc,-0.15208495967817537,0.1333467082208414,-0.41343970524799567,0.10926978589164493,0.25406856362639585,96,0.12807305014787151
resistance,fert_kg_ha,0.19223477090775765,0.099661861218902,-0.003098887713519405,0.3875684295290347,0.05374700715503608,96,0.12807305014787151
resistance,irrig_share,0.18194162131754685,0.09392926734054137,-0.0021563597641485743,0.36603960239924227,0.05274452286916459,96,0.12807305014787151
recovery,hill1,-0.2279236263699897,0.15154286417669643,-0.5249421822703599,0.06909492953038049,0.132576000023273,96,0.07923735650788821
recovery,resp_div,0.04693629065439022,0.0873867971076223,-0.12433868440085846,0.21821126570963892,0.5911918861430916,96,0.07923735650788821
recovery,log_gdp_pc,0.13011436900191173,0.12707763601919966,-0.11895322083620954,0.37918195884003303,0.3058840808356108,96,0.07923735650788821
recovery,fert_kg_ha,0.034195815440125815,0.21558489586205934,-0.3883428160603286,0.4567344469405803,0.873969223518448,96,0.07923735650788821
recovery,irrig_share,-0.07574370432803465,0.12428822963256791,-0.3193441581101117,0.1678567494540424,0.5422462368986287,96,0.07923735650788821
vulnerability,hill1,-0.41385060434583576,0.07325702840458555,-0.5574317416332512,-0.27026946705842037,1.6110666778067638e-08,101,0.412416871904412
vulnerability,resp_div,0.31788153546785175,0.26909671810584473,-0.20953834037753144,0.8453014113132349,0.23748713512390052,101,0.412416871904412
vulnerability,log_gdp_pc,0.021304543275410173,0.08826003891772352,-0.15168195427743145,0.1942910408282518,0.8092576700154659,101,0.412416871904412
vulnerability,fert_kg_ha,-0.16396251157026995,0.11164822508678189,-0.3827890116781838,0.054863988537643904,0.14195121281822415,101,0.412416871904412
vulnerability,irrig_share,-0.1952539040800229,0.10284832270260842,-0.39683291244748864,0.00632510428744279,0.05763490133528764,101,0.412416871904412
vuln_drought,hill1,-0.30380712900665274,0.09618554481596024,-0.4923273326792981,-0.11528692533400736,0.001585545447946302,99,0.3425366255027934
vuln_drought,resp_div,0.35971472436127533,0.08126554851084818,0.20043717609612027,0.5189922726264304,9.581385202408689e-06,99,0.3425366255027934
vuln_drought,log_gdp_pc,0.0800459890940706,0.1139690502221592,-0.14332924469359806,0.3034212228817392,0.482461866960038,99,0.3425366255027934
vuln_drought,fert_kg_ha,-0.07265266149960119,0.06787992607296044,-0.205694871875845,0.06038954887664265,0.2844791462240005,99,0.3425366255027934
vuln_drought,irrig_share,-0.3180661373607314,0.06222851085959779,-0.44003177745710276,-0.1961004972643601,3.2001613079255446e-07,99,0.3425366255027934
