face,predictor,rho,ci_lo,ci_hi,p,n
stability,hill1,0.48722545504418185,0.32258748850496394,0.6337727474682783,1.0263775327443944e-07,107
stability,resp_div,-0.4807164269340252,-0.6106564645915658,-0.32766241532996715,1.833798257667169e-07,106
resistance,hill1,0.0667284889539782,-0.12971159217535705,0.26185052236797357,0.5051796478136684,102
resistance,resp_div,-0.19241700640652298,-0.36301799566958076,-0.010742537830763626,0.05388600300171879,101
recovery,hill1,-0.17097443610723154,-0.3658610745820701,0.02216382977344846,0.08576905309806011,102
recovery,resp_div,0.08419336051252184,-0.10141178330966208,0.27456215202205014,0.40254288444759945,101
vulnerability,hill1,-0.44515664784516135,-0.5756470703450646,-0.2949224383919995,1.5529362117254898e-06,107
vulnerability,resp_div,0.5176880076705623,0.37779337513633554,0.6340656188511022,1.3252603174585783e-08,106
vuln_drought,hill1,-0.31689873204153324,-0.49132132355008923,-0.13037295961275214,0.0009887898588512574,105
vuln_drought,resp_div,0.41348688174050546,0.23944367418246154,0.5648679962937355,1.284766510797963e-05,104
