iso3,name,region,member_iso3
AFG,Afghanistan,South Asia,
AGO,Angola,Sub-Saharan Africa,
ALB,Albania,Europe & Central Asia,
ARE,United Arab Emirates,Middle East & North Africa,
ARG,Argentina,Latin America & Caribbean,
ARM,Armenia,Europe & Central Asia,
ATG,Antigua and Barbuda,Latin America & Caribbean,
AUS,Australia,East Asia & Pacific,
AUT,Austria,Europe & Central Asia,
AZE,Azerbaijan,Europe & Central Asia,
BDI,Burundi,Sub-Saharan Africa,
BEN,Benin,Sub-Saharan Africa,
BFA,Burkina Faso,Sub-Saharan Africa,
BGD,Bangladesh,South Asia,
BGR,Bulgaria,Europe & Central Asia,
BHR,Bahrain,Middle East & North Africa,
BHS,Bahamas,Latin America & Caribbean,
BIH,Bosnia and Herzegovina,Europe & Central Asia,
BLR,Belarus,Europe & Central Asia,
BLX,Belgium-Luxembourg,Europe & Central Asia,BEL;LUX
BLZ,Belize,Latin America & Caribbean,
BOL,Bolivia (Plurinational State of),Latin America & Caribbean,
BRA,Brazil,Latin America & Caribbean,
BRB,Barbados,Latin America & Caribbean,
BRN,Brunei Darussalam,East Asia & Pacific,
BTN,Bhutan,South Asia,
BWA,Botswana,Sub-Saharan Africa,
CAF,Central African Republic,Sub-Saharan Africa,
CAN,Canada,North America,
CHE,Switzerland,Europe & Central Asia,
CHL,Chile,Latin America & Caribbean,
CHN,"China, mainland",East Asia & Pacific,
CIV,Côte d'Ivoire,Sub-Saharan Africa,
CMR,Cameroon,Sub-Saharan Africa,
COD,Democratic Republic of the Congo,Sub-Saharan Africa,
COG,Congo,Sub-Saharan Africa,
COK,Cook Islands,East Asia & Pacific,
COL,Colombia,Latin America & Caribbean,
COM,Comoros,Sub-Saharan Africa,
CPV,Cabo Verde,Sub-Saharan Africa,
CRI,Costa Rica,Latin America & Caribbean,
CUB,Cuba,Latin America & Caribbean,
CYP,Cyprus,Europe & Central Asia,
CZE,Czechia,Europe & Central Asia,
DEU,Germany,Europe & Central Asia,
DJI,Djibouti,Middle East & North Africa,
DMA,Dominica,Latin America & Caribbean,
DNK,Denmark,Europe & Central Asia,
DOM,Dominican Republic,Latin America & Caribbean,
DZA,Algeria,Middle East & North Africa,
ECU,Ecuador,Latin America & Caribbean,
EGY,Egypt,Middle East & North Africa,
ERI,Eritrea,Sub-Saharan Africa,
ESP,Spain,Europe & Central Asia,
EST,Estonia,Europe & Central Asia,
ETH,Ethiopia,Sub-Saharan Africa,
FIN,Finland,Europe & Central Asia,
FJI,Fiji,East Asia & Pacific,
FRA,France,Europe & Central Asia,
FRO,Faroe Islands,Europe & Central Asia,
FSM,Micronesia (Federated States of),East Asia & Pacific,
GAB,Gabon,Sub-Saharan Africa,
GBR,United Kingdom of Great Britain and Northern Ireland,Europe & Central Asia,
GEO,Georgia,Europe & Central Asia,
GHA,Ghana,Sub-Saharan Africa,
GIN,Guinea,Sub-Saharan Africa,
GMB,Gambia,Sub-Saharan Africa,
GNB,Guinea-Bissau,Sub-Saharan Africa,
GNQ,Equatorial Guinea,Sub-Saharan Africa,
GRC,Greece,Europe & Central Asia,
GRD,Grenada,Latin America & Caribbean,
GTM,Guatemala,Latin America & Caribbean,
GUY,Guyana,Latin America & Caribbean,
HKG,"China, Hong Kong SAR",East Asia & Pacific,
HND,Honduras,Latin America & Caribbean,
HRV,Croatia,Europe & Central Asia,
HTI,Haiti,Latin America & Caribbean,
HUN,Hungary,Europe & Central Asia,
IDN,Indonesia,East Asia & Pacific,
IND,India,South Asia,
IRL,Ireland,Europe & Central Asia,
IRN,Iran (Islamic Republic of),Middle East & North Africa,
IRQ,Iraq,Middle East & North Africa,
ISL,Iceland,Europe & Central Asia,
ISR,Israel,Middle East & North Africa,
ITA,Italy,Europe & Central Asia,
JAM,Jamaica,Latin America & Caribbean,
JOR,Jordan,Middle East & North Africa,
JPN,Japan,East Asia & Pacific,
KAZ,Kazakhstan,Europe & Central Asia,
KEN,Kenya,Sub-Saharan Africa,
KGZ,Kyrgyzstan,Europe & Central Asia,
KHM,Cambodia,East Asia & Pacific,
KIR,Kiribati,East Asia & Pacific,
KNA,Saint Kitts and Nevis,Latin America & Caribbean,
KOR,Republic of Korea,East Asia & Pacific,
KWT,Kuwait,Middle East & North Africa,
LAO,Lao People's Democratic Republic,East Asia & Pacific,
LBN,Lebanon,Middle East & North Africa,
LBR,Liberia,Sub-Saharan Africa,
LBY,Libya,Middle East & North Africa,
LCA,Saint Lucia,Latin America & Caribbean,
LKA,Sri Lanka,South Asia,
LSO,Lesotho,Sub-Saharan Africa,
LTU,Lithuania,Europe & Central Asia,
LVA,Latvia,Europe & Central Asia,
MAC,"China, Macao SAR",East Asia & Pacific,
MAR,Morocco,Middle East & North Africa,
MDA,Republic of Moldova,Europe & Central Asia,
MDG,Madagascar,Sub-Saharan Africa,
MDV,Maldives,South Asia,
MEX,Mexico,Latin America & Caribbean,
MHL,Marshall Islands,East Asia & Pacific,
MKD,North Macedonia,Europe & Central Asia,
MLI,Mali,Sub-Saharan Africa,
MLT,Malta,Middle East & North Africa,
MMR,Myanmar,East Asia & Pacific,
MNG,Mongolia,East Asia & Pacific,
MOZ,Mozambique,Sub-Saharan Africa,
MRT,Mauritania,Sub-Saharan Africa,
MUS,Mauritius,Sub-Saharan Africa,
MWI,Malawi,Sub-Saharan Africa,
MYS,Malaysia,East Asia & Pacific,
NAM,Namibia,Sub-Saharan Africa,
NCL,New Caledonia,East Asia & Pacific,
NER,Niger,Sub-Saharan Africa,
NGA,Nigeria,Sub-Saharan Africa,
NIC,Nicaragua,Latin America & Caribbean,
NIU,Niue,East Asia & Pacific,
NLD,Netherlands (Kingdom of the),Europe & Central Asia,
NOR,Norway,Europe & Central Asia,
NPL,Nepal,South Asia,
NRU,Nauru,East Asia & Pacific,
NZL,New Zealand,East Asia & Pacific,
OMN,Oman,Middle East & North Africa,
PAK,Pakistan,South Asia,
PAN,Panama,Latin America & Caribbean,
PER,Peru,Latin America & Caribbean,
PHL,Philippines,East Asia & Pacific,
PNG,Papua New Guinea,East Asia & Pacific,
POL,Poland,Europe & Central Asia,
PRI,Puerto Rico,Latin America & Caribbean,
PRK,Democratic People's Republic of Korea,East Asia & Pacific,
PRT,Portugal,Europe & Central Asia,
PRY,Paraguay,Latin America & Caribbean,
PSE,Palestine,Middle East & North Africa,
PYF,French Polynesia,East Asia & Pacific,
QAT,Qatar,Middle East & North Africa,
ROU,Romania,Europe & Central Asia,
RUS,Russian Federation,Europe & Central Asia,
RWA,Rwanda,Sub-Saharan Africa,
SAU,Saudi Arabia,Middle East & North Africa,
SCG,Serbia and Montenegro,Europe & Central Asia,SRB;MNE
SDX,Sudan (former),Sub-Saharan Africa,SDN;SSD
SEN,Senegal,Sub-Saharan Africa,
SGP,Singapore,East Asia & Pacific,
SLB,Solomon Islands,East Asia & Pacific,
SLE,Sierra Leone,Sub-Saharan Africa,
SLV,El Salvador,Latin America & Caribbean,
SOM,Somalia,Sub-Saharan Africa,
STP,Sao Tome and Principe,Sub-Saharan Africa,
SUR,Suriname,Latin America & Caribbean,
SVK,Slovakia,Europe & Central Asia,
SVN,Slovenia,Europe & Central Asia,
SWE,Sweden,Europe & Central Asia,
SWZ,Eswatini,Sub-Saharan Africa,
SYC,Seychelles,Sub-Saharan Africa,
SYR,Syrian Arab Republic,Middle East & North Africa,
TCD,Chad,Sub-Saharan Africa,
TGO,Togo,Sub-Saharan Africa,
THA,Thailand,East Asia & Pacific,
TJK,Tajikistan,Europe & Central Asia,
TKM,Turkmenistan,Europe & Central Asia,
TLS,Timor-Leste,East Asia & Pacific,
TON,Tonga,East Asia & Pacific,
TTO,Trinidad and Tobago,Latin America & Caribbean,
TUN,Tunisia,Middle East & North Africa,
TUR,Türkiye,Europe & Central Asia,
TUV,Tuvalu,East Asia & Pacific,
TWN,"China, Taiwan Province of",East Asia & Pacific,
TZA,United Republic of Tanzania,Sub-Saharan Africa,
UGA,Uganda,Sub-Saharan Africa,
UKR,Ukraine,Europe & Central Asia,
URY,Uruguay,Latin America & Caribbean,
USA,United States of America,North America,
UZB,Uzbekistan,Europe & Central Asia,
VCT,Saint Vincent and the Grenadines,Latin America & Caribbean,
VEN,Venezuela (Bolivarian Republic of),Latin America & Caribbean,
VNM,Viet Nam,East Asia & Pacific,
VUT,Vanuatu,East Asia & Pacific,
WSM,Samoa,East Asia & Pacific,
YEM,Yemen,Middle East & North Africa,
ZAF,South Africa,Sub-Saharan Africa,
ZMB,Zambia,Sub-Saharan Africa,
ZWE,Zimbabwe,Sub-Saharan Africa,
