iso3,year,spei12_w,severity
ABW,1997,-1.6077781915664673,severe
ABW,2001,-1.3217335939407349,moderate
ABW,2013,-1.0970157384872437,moderate
ABW,2019,-2.27138090133667,extreme
AFG,2000,-1.3751454175780078,moderate
AFG,2008,-1.2058035091826778,moderate
AFG,2017,-1.1212922535842031,moderate
ALA,2002,-1.9538909036430205,severe
ALA,2013,-1.0026419051793536,moderate
ALA,2018,-1.9786198437806195,severe
ALB,2011,-1.9115919608701537,severe
ALB,2018,-1.2452987528482602,moderate
AND,1998,-1.572059000371948,severe
AND,2005,-1.5193011856011718,severe
AND,2012,-1.4108195254645994,moderate
ARE,1998,-1.3813463787616374,moderate
ARG,2008,-1.16933035959895,moderate
ARG,2013,-1.1133476372341127,moderate
ARG,2020,-1.135228239904248,moderate
ARM,1999,-1.0410668041090119,moderate
ARM,2017,-1.6609201846831498,severe
ATG,2009,-1.963937152124088,severe
ATG,2019,-1.0136988460691598,moderate
AUS,2002,-1.5641883438757147,severe
AUS,2006,-1.3424260967854076,moderate
AUS,2014,-1.069243711491244,moderate
AUS,2018,-1.2210438611265784,moderate
AUT,2003,-2.319346553553106,extreme
AUT,2011,-1.7666019646229727,severe
AUT,2015,-1.3560116140180398,moderate
AZE,2014,-1.1876883542062733,moderate
BDI,1999,-1.3263930942831013,moderate
BDI,2004,-2.3047436266944192,extreme
BDI,2012,-1.2495815259963732,moderate
BEN,2000,-1.0183611250675937,moderate
BEN,2015,-1.23925562868817,moderate
BFA,1997,-1.0853186392252325,moderate
BFA,2011,-1.4038518863555498,moderate
BGD,2006,-1.0632896841587163,moderate
BGD,2018,-1.538553275557429,severe
BGR,2000,-2.1380127299961607,extreme
BGR,2008,-1.713552694357864,severe
BGR,2019,-1.632014348755491,severe
BHR,1998,-1.0014306344306185,moderate
BHR,2007,-1.2562078281651499,moderate
BHS,1999,-4.426206588745117,extreme
BHS,2004,-1.5818986892700195,severe
BHS,2013,-2.2595009803771973,extreme
BIH,2000,-2.08484977940335,extreme
BIH,2007,-1.0704566770500632,moderate
BIH,2011,-2.0735601578499825,extreme
BIH,2017,-1.4262408295542335,moderate
BLR,1999,-1.2947487499676817,moderate
BLR,2011,-1.2738169508593131,moderate
BLX,1996,-1.259691763276629,moderate
BLX,2003,-1.6531629618610344,severe
BLX,2011,-1.1125646036342347,moderate
BLX,2018,-1.6054630024118859,severe
BLZ,2004,-1.1304014471113804,moderate
BLZ,2009,-1.3580667472133832,moderate
BLZ,2015,-1.3258938886551066,moderate
BLZ,2019,-2.1146116240107844,extreme
BOL,2010,-1.2666620167753555,moderate
BOL,2016,-1.4245781509793043,moderate
BRA,2012,-1.0157466298095188,moderate
BRA,2020,-1.0365168489327483,moderate
BRB,1997,-1.5212126970291135,severe
BRB,2002,-1.5541160106658936,severe
BRB,2009,-1.492186427116394,moderate
BRB,2015,-2.3215825557708736,extreme
BRB,2019,-2.217040777206421,extreme
BRN,1997,-1.390685653835142,moderate
BRN,2002,-1.409155308907224,moderate
BRN,2015,-1.0427847772324665,moderate
BRT,1998,-1.2111558685336385,moderate
BTN,2005,-1.109556080646612,moderate
BTN,2009,-2.1403500651734664,extreme
BTN,2014,-1.1829435254572254,moderate
BTN,2018,-1.4961159080074315,moderate
BWA,2002,-1.291266253952659,moderate
BWA,2012,-1.5600598631238107,severe
BWA,2019,-1.058700390300534,moderate
CAF,2004,-1.0648993426805498,moderate
CAN,2001,-1.2099959195195191,moderate
CHE,2003,-1.953958245608041,severe
CHE,2011,-1.3059588913502234,moderate
CHE,2015,-1.6120084897048141,severe
CHL,1996,-1.4429772344135898,moderate
CHL,2007,-1.28658602761447,moderate
CIV,1997,-1.2980641364753813,moderate
CIV,2013,-1.5996807279748404,severe
CMR,2009,-1.1146633431701853,moderate
CNM,1999,-1.717725788534869,severe
CNM,2006,-1.011971720455994,moderate
CNM,2017,-1.229482588999266,moderate
COD,2004,-1.0050700767780418,moderate
COG,2014,-1.014632992579476,moderate
COL,1997,-1.0625372398095745,moderate
COL,2001,-1.0128178341249021,moderate
COL,2015,-2.1033658569464904,extreme
CRI,2012,-1.6130559207144703,severe
CUB,2015,-1.2020403163682545,moderate
CYN,1999,-1.6793359966757453,severe
CYN,2006,-1.0050728043605945,moderate
CYN,2017,-1.3072288874025475,moderate
CYP,1999,-1.785721719892526,severe
CYP,2006,-1.0780520355444765,moderate
CYP,2017,-1.2576424040630965,moderate
CZE,2000,-1.0064630658447407,moderate
CZE,2011,-1.3867647674037182,moderate
CZE,2015,-1.8450590889617644,severe
DEU,2003,-1.9335001426034022,severe
DEU,2015,-1.211773878035794,moderate
DJI,2002,-1.460813422562121,moderate
DJI,2009,-1.4251792030309214,moderate
DJI,2015,-1.7084427748510551,severe
DMA,1997,-1.3660834011850944,moderate
DMA,2009,-1.161959304529002,moderate
DMA,2015,-1.8817005930754505,severe
DMA,2019,-1.4420733389415399,moderate
DNK,1996,-1.5263904949415528,severe
DNK,2003,-1.4169329797049819,moderate
DNK,2018,-2.1009730286623682,extreme
DOM,2013,-1.237930938657663,moderate
DOM,2018,-1.3408121228609275,moderate
DZA,1998,-1.1214901794909133,moderate
DZA,2014,-1.0368101396087135,moderate
ECU,2005,-1.5723526377276076,severe
EGY,2008,-1.4101897051558705,moderate
EGY,2016,-1.3680024067044074,moderate
ERI,2004,-1.4003018543340122,moderate
ERI,2009,-1.3834949611895904,moderate
ESB,1999,-1.6664371338254016,severe
ESB,2006,-1.0303630457665518,moderate
ESB,2017,-1.4140132435128085,moderate
ESH,1996,-1.3189600578601979,moderate
ESH,2001,-1.5886729601715974,severe
ESP,2005,-1.7701790974600635,severe
ESP,2011,-1.258563009407699,moderate
EST,1999,-1.3385284267575948,moderate
EST,2006,-1.276842818387866,moderate
EST,2018,-1.7091920763677941,severe
ETH,2002,-1.5328875247560894,severe
FIN,2002,-1.7132423388095128,severe
FIN,2006,-1.325624074743446,moderate
FIN,2018,-1.9225348343857964,severe
FJI,2003,-1.5844968690789982,severe
FJI,2014,-1.7590568027956621,severe
FRA,2003,-1.3802690077383202,moderate
FRA,2011,-1.3180958825107416,moderate
FRA,2015,-1.4237021351210102,moderate
GAB,2005,-1.4175905495681318,moderate
GAB,2015,-1.8204916069713424,severe
GBR,2003,-1.747606239650958,severe
GEO,1998,-1.0688442125383362,moderate
GEO,2017,-1.2003833185848487,moderate
GHA,1998,-1.2142235651741666,moderate
GHA,2013,-1.1222283499379628,moderate
GIB,2004,-1.293399691581726,moderate
GIB,2015,-1.9580235481262207,severe
GIN,2001,-1.1662773641065045,moderate
GIN,2007,-1.447613326019739,moderate
GMB,1996,-1.0845650611167932,moderate
GMB,2001,-1.4082699577845719,moderate
GMB,2011,-1.2108176848579875,moderate
GNB,2001,-1.021120957142652,moderate
GNB,2011,-1.2305033300426578,moderate
GNQ,2005,-1.8704647546917343,severe
GNQ,2010,-1.444124803422304,moderate
GNQ,2015,-2.695753927629158,extreme
GRC,2000,-2.3094981465678375,extreme
GRC,2008,-1.446447465358625,moderate
GRD,1997,-1.2195489406585693,moderate
GRD,2001,-2.0433545112609863,extreme
GRD,2007,-1.0417802333831787,moderate
GRD,2019,-1.8643001317977905,severe
GTM,2003,-1.2557327269765954,moderate
GTM,2009,-1.0636755396995978,moderate
GTM,2015,-1.0828122187149696,moderate
HKG,1999,-1.1144453197457438,moderate
HKG,2003,-1.3569231246697464,moderate
HND,2003,-1.0768665861619078,moderate
HND,2007,-1.0378830737423632,moderate
HND,2015,-1.1989421667166615,moderate
HND,2019,-2.0237234190758637,extreme
HRV,2000,-1.9981379174827294,severe
HRV,2011,-2.2547432591082117,extreme
HTI,1999,-1.9716440778850788,severe
HTI,2013,-2.3892441265551203,extreme
HUN,2000,-2.002027225794684,extreme
HUN,2011,-2.017910449688693,extreme
IDN,1997,-1.8542540093564845,severe
IDN,2015,-1.1419075262559797,moderate
IDN,2019,-1.463507825033602,moderate
IND,2002,-1.2071336359686404,moderate
IRL,2001,-1.2242092881942137,moderate
IRN,1999,-1.220573369721864,moderate
IRN,2008,-1.8275816219236298,severe
IRN,2017,-1.2422842320053376,moderate
IRQ,2005,-1.27680649813896,moderate
ISL,2010,-1.0222912937721804,moderate
ISR,1999,-1.7969467402911194,severe
ISR,2008,-1.3424854377897488,moderate
ISR,2017,-1.816244096063337,severe
ITA,2003,-1.2723700576680699,moderate
ITA,2007,-1.0067431432854215,moderate
ITA,2011,-1.313324099350301,moderate
JAM,1997,-1.1233046527792625,moderate
JAM,2013,-1.3368016912680887,moderate
JOR,1999,-1.4858336859717776,moderate
JOR,2008,-1.464576784595366,moderate
JOR,2017,-1.5817244304782712,severe
JPN,2005,-1.1767966032744688,moderate
KAS,1997,-1.1982775047743883,moderate
KAZ,2008,-1.2794653299958787,moderate
KAZ,2020,-1.3445716299795707,moderate
KEN,2000,-1.7848898627854433,severe
KGZ,2001,-1.0023580426423166,moderate
KGZ,2008,-1.4914179440433466,moderate
KGZ,2012,-1.4358337580147857,moderate
KHM,1997,-1.317801629542366,moderate
KHM,2004,-1.1353259393099966,moderate
KNA,2009,-1.5473318099975586,severe
KOR,2015,-1.074221837643653,moderate
KWT,1998,-1.4403874604410636,moderate
KWT,2007,-1.1521919129945593,moderate
LAO,1998,-1.158644537060215,moderate
LAO,2014,-1.2090620232681155,moderate
LAO,2019,-1.5502707463777476,severe
LBN,1999,-1.8184384739898813,severe
LBN,2008,-1.7314319303275452,severe
LBN,2014,-1.070941124660342,moderate
LBR,1997,-1.1953332298896242,moderate
LBY,1999,-1.3623744380314158,moderate
LBY,2009,-1.1972299426550495,moderate
LBY,2020,-1.483997485816204,moderate
LCA,1997,-1.5403239727020264,severe
LCA,2002,-1.3951103687286377,moderate
LCA,2009,-1.1169288158416748,moderate
LCA,2015,-2.223599910736084,extreme
LCA,2019,-2.1422133445739746,extreme
LIE,2003,-2.408024311065674,extreme
LIE,2011,-1.0886818170547485,moderate
LIE,2015,-1.5655642747879028,severe
LKA,2001,-1.0870036345410445,moderate
LKA,2016,-1.5313695447697888,severe
LSO,2003,-1.3955217678005247,moderate
LSO,2013,-1.7557176176056577,severe
LTU,1996,-1.2835865939774438,moderate
LTU,2006,-1.1752155563239524,moderate
LTU,2015,-1.6305720660311251,severe
LVA,1996,-1.2188123309047434,moderate
LVA,2006,-1.1437882615591235,moderate
LVA,2015,-1.3343911793532859,moderate
MAC,2003,-1.108005166053772,moderate
MAR,1998,-1.4214048683002203,moderate
MAR,2005,-1.5870198070970665,severe
MAR,2015,-1.8810812232355636,severe
MCO,2001,-1.309701919555664,moderate
MCO,2011,-1.0852148532867432,moderate
MCO,2015,-1.5366108417510986,severe
MDA,2000,-1.1836202784370047,moderate
MDA,2007,-1.4289925452135095,moderate
MDA,2015,-1.3756118406298299,moderate
MDA,2019,-1.8577990198089163,severe
MDG,2016,-1.5137565198056653,severe
MEX,2011,-1.0165120166183967,moderate
MKD,1997,-1.2290907464411622,moderate
MKD,2008,-1.3219363929825863,moderate
MLI,2000,-1.415998919616667,moderate
MLI,2011,-1.5199536188976854,severe
MLI,2017,-1.3090728049123832,moderate
MLT,1998,-1.1208864419114635,moderate
MLT,2012,-1.4668642310428408,moderate
MMR,1998,-1.1873539632085222,moderate
MMR,2012,-1.2500666574945338,moderate
MNG,1996,-1.0803509208952415,moderate
MOZ,2002,-1.040280478705202,moderate
MRT,1996,-1.4430978839283841,moderate
MRT,2001,-1.2040589816034817,moderate
MRT,2006,-1.2193811447951546,moderate
MRT,2011,-1.2341663961245013,moderate
MUS,1996,-2.333507625983752,extreme
MUS,2012,-1.7722383995868543,severe
MUS,2020,-1.8844599318209012,severe
MWI,1998,-1.2433756050905487,moderate
MWI,2002,-1.0318383990975568,moderate
MWI,2010,-1.1990283490402058,moderate
MYS,1997,-1.4126674022334555,moderate
MYS,2002,-1.171034167585864,moderate
MYS,2019,-1.4667388486058857,moderate
NCL,2004,-1.0056203582752619,moderate
NCL,2017,-1.803000808185069,severe
NER,2002,-1.1214574456572242,moderate
NER,2009,-1.1956717574999993,moderate
NGA,2011,-1.0556907749585815,moderate
NIC,2009,-1.0441476298899317,moderate
NIC,2019,-1.307488054130792,moderate
NLD,1996,-1.288079811802194,moderate
NLD,2003,-1.750265310029477,severe
NLD,2018,-1.9438035780689675,severe
NOR,2018,-1.2994578342777767,moderate
NPL,2005,-1.2371573495146613,moderate
NPL,2009,-1.422069967820697,moderate
NPL,2014,-2.3189172076121776,extreme
NZL,2003,-1.51551802093901,severe
OMN,1999,-1.415647343629682,moderate
OMN,2008,-1.115026617492919,moderate
OMN,2015,-1.7149358529143364,severe
PAK,1999,-1.395551937517889,moderate
PAK,2009,-1.0211746626203484,moderate
PAK,2018,-1.2148856174179778,moderate
PAN,2016,-1.0113108209627755,moderate
PHL,1997,-1.338105184087406,moderate
POL,2003,-1.7925636156820979,severe
POL,2015,-1.8034470576291886,severe
PRI,2015,-1.781739560248007,severe
PRK,1997,-1.0194623620594045,moderate
PRK,2014,-1.5835856304085878,severe
PRT,1998,-1.2475721222883431,moderate
PRT,2005,-1.8553800532690379,severe
PRT,2012,-1.1888257189645028,moderate
PRY,2020,-1.8677722865666835,severe
PSE,2008,-1.368953148974853,moderate
PSE,2017,-1.7612456143220918,severe
QAT,1998,-1.1564555796478095,moderate
QAT,2007,-1.0779200076594697,moderate
ROU,2000,-1.986172035320304,severe
ROU,2011,-1.6921628183565727,severe
ROU,2019,-1.5719891522784761,severe
RUS,2010,-1.0021804568550525,moderate
RUS,2020,-1.4586730190409012,moderate
RWA,1999,-1.4515603828586967,moderate
RWA,2004,-2.5844071691877266,extreme
SAU,1998,-1.2752988142302966,moderate
SAU,2005,-1.0228334841975244,moderate
SAU,2009,-1.1519652663393618,moderate
SAU,2016,-1.221792249616217,moderate
SCG,2000,-2.501785178392956,extreme
SCG,2011,-2.125616680494245,extreme
SDX,2004,-1.5455098671961978,severe
SDX,2009,-1.7303185558772265,severe
SEN,1996,-1.3378856874457787,moderate
SEN,2001,-1.361498657962633,moderate
SEN,2011,-1.2803120280837716,moderate
SGP,1997,-2.120471480461489,extreme
SGP,2002,-1.3283532442715185,moderate
SGP,2014,-1.2234520407941771,moderate
SGP,2019,-2.37147399813915,extreme
SLE,1997,-1.342516993115445,moderate
SLE,2005,-1.0148084555533363,moderate
SLV,2009,-1.3004373046869246,moderate
SLV,2015,-1.1907274826796987,moderate
SLV,2019,-1.7982099425405895,severe
SMR,2003,-1.4824079275131226,moderate
SMR,2011,-1.6677055358886719,severe
STP,2005,-1.6475973402681001,severe
STP,2010,-1.7553879113256334,severe
STP,2015,-1.4640430914824574,moderate
SUR,2009,-1.1409292283638248,moderate
SUR,2019,-1.1023893511271405,moderate
SVK,2000,-1.6322936988290975,severe
SVK,2011,-1.872829173732609,severe
SVN,1997,-1.0002764122650762,moderate
SVN,2011,-2.156787461800456,extreme
SWE,2018,-1.8366878616452624,severe
SWZ,2002,-1.3863900921130032,moderate
SWZ,2010,-1.0269934815010964,moderate
SWZ,2015,-1.1918044534340877,moderate
SYR,1999,-1.6654964681408055,severe
SYR,2008,-1.731335948762609,severe
TCD,2002,-1.8863515518380314,severe
TGO,2000,-1.0605335483035463,moderate
TGO,2013,-1.1338335812751452,moderate
THA,1997,-1.209032823406198,moderate
THA,2015,-1.1954779319904325,moderate
THA,2019,-1.7453612753285284,severe
TJK,2000,-1.159626143950786,moderate
TJK,2008,-1.263655299388602,moderate
TJK,2017,-1.03627804872389,moderate
TKM,1999,-1.0814205461405455,moderate
TKM,2006,-1.1682478651145802,moderate
TKM,2017,-1.1078970950921252,moderate
TLS,2018,-1.2457541556009462,moderate
TTO,2001,-2.279552604936455,extreme
TTO,2009,-1.8050830597783558,severe
TUN,1998,-1.0381455091359515,moderate
TUN,2008,-1.4292707132772555,moderate
TUN,2012,-1.5819980558564268,severe
TUR,1999,-1.026872293843264,moderate
TUR,2008,-1.6398621258260937,severe
TUR,2013,-1.117437651872578,moderate
TUR,2020,-1.1463998778204965,moderate
TWN,2003,-1.608565182456759,severe
TWN,2011,-1.1743575436173617,moderate
TZA,2003,-1.3997522720585407,moderate
TZA,2012,-1.0289236596140316,moderate
UGA,2005,-1.35731544454573,moderate
UKR,2011,-1.323458708787187,moderate
UKR,2015,-1.3270835246625683,moderate
UKR,2019,-1.5998501593072842,severe
URY,2008,-1.8532272755862904,severe
URY,2020,-1.6976621183756124,severe
USA,2012,-1.4360975277344403,moderate
USG,2015,-1.3963888883590698,moderate
UZB,2000,-1.3714333861404242,moderate
UZB,2008,-1.4580789616819823,moderate
UZB,2018,-1.0274786692583109,moderate
VAT,2003,-1.2275314331054688,moderate
VAT,2011,-1.4416085481643677,moderate
VCT,1997,-1.3543506860733032,moderate
VCT,2001,-1.9594160318374634,severe
VCT,2007,-1.0318772792816162,moderate
VCT,2014,-1.3763583898544312,moderate
VCT,2019,-1.5355819463729858,severe
VEN,1997,-1.2316194026884948,moderate
VEN,2001,-1.463790526784506,moderate
VEN,2009,-1.8734732933704636,severe
VEN,2014,-1.6554210549537236,severe
VNM,2003,-1.0641577061113623,moderate
VUT,2004,-2.008415847036568,extreme
VUT,2009,-1.2585013016947095,moderate
WSB,1999,-1.9703088545964471,severe
WSB,2006,-1.2218422261359754,moderate
WSB,2017,-1.4401388273721103,moderate
ZAF,2003,-1.557208666555477,severe
ZAF,2012,-1.0224090733750704,moderate
ZMB,2005,-1.4157012265799884,moderate
ZMB,2016,-1.3050224646623578,moderate
ZWE,2002,-1.8697146092286434,severe
ZWE,2015,-2.0659854585032162,extreme
