iso3,year,n_rows,n_computed,value_const,value_computed,share_value_computed
ARM,1993,30,30,490477825.5116483,490477825.5116483,1.0
ARM,1994,30,30,581041767.2267884,581041767.2267884,1.0
ARM,1995,30,30,560364973.9403355,560364973.9403355,1.0
ARM,1996,31,31,588330788.4393698,588330788.4393698,1.0
AUT,2018,55,55,2334824716.643515,2334824716.643515,1.0
AUT,2019,54,54,2318635338.088923,2318635338.088923,1.0
AUT,2020,54,54,2440205740.5706058,2440205740.5706058,1.0
AUT,2021,54,54,2377743603.015932,2377743603.015932,1.0
AUT,2022,54,54,2367596075.623084,2367596075.623084,1.0
AUT,2023,54,54,2264018398.9448276,2264018398.9448276,1.0
AZE,1993,57,57,1387907733.8085907,1387907733.8085907,1.0
BGR,1993,68,67,2871226148.735689,2871226148.735689,1.0
BGR,1994,68,67,3378671679.3461504,3378671679.3461504,1.0
BGR,1995,69,68,3863019614.221288,3863019614.221288,1.0
BGR,1996,68,67,2706041533.6267385,2706041533.6267385,1.0
BGR,1997,69,68,3298943623.3705754,3298943623.3705754,1.0
BGR,2018,57,57,4231915177.976709,4231915177.976709,1.0
BGR,2019,56,56,4343605100.891924,4343605100.891924,1.0
BGR,2020,57,57,3514753999.148678,3514753999.148678,1.0
BGR,2021,61,60,4437644211.400429,4437644211.400429,1.0
BGR,2022,56,56,4017882217.4325185,4017882217.4325185,1.0
BGR,2023,57,57,3865585880.482996,3865585880.482996,1.0
BIH,1993,45,45,656590026.3043622,656590026.3043622,1.0
BIH,1994,45,45,583037264.2844465,583037264.2844465,1.0
BIH,1995,45,45,580987980.3321811,580987980.3321811,1.0
BLR,1993,31,30,5510228469.578739,5510228469.578739,1.0
BLX,2017,48,1,3354381000.0,7577000.0,0.0022588370253707017
BLX,2018,43,42,2833597533.399244,2833597533.399244,1.0
BLX,2019,43,42,3233894120.352252,3233894120.352252,1.0
BLX,2020,45,44,3109747620.0000587,3109747620.0000587,1.0
BLX,2021,45,44,3199897532.8129797,3199897532.8129797,1.0
BLX,2022,45,44,3132825535.7243495,3132825535.7243495,1.0
BLX,2023,47,46,3210519830.9545026,3210519830.9545026,1.0
CHE,2016,60,1,808020000.0,0.0,0.0
CHE,2021,60,1,700309000.0,0.0,0.0
COL,2018,70,5,12036064256.85624,2225779256.8562393,0.18492583699761686
CYP,2018,50,50,146980666.10371497,146980666.10371497,1.0
CYP,2019,49,49,149823054.85538796,149823054.85538796,1.0
CYP,2020,50,50,147804046.85293508,147804046.85293508,1.0
CYP,2021,51,51,142645272.13616833,142645272.13616833,1.0
CYP,2022,51,51,144921021.81873414,144921021.81873414,1.0
CYP,2023,50,50,131265248.4870934,131265248.4870934,1.0
CZE,2018,46,46,2891227915.105662,2891227915.105662,1.0
CZE,2019,46,46,2880567692.621321,2880567692.621321,1.0
CZE,2020,45,45,3073308426.176319,3073308426.176319,1.0
CZE,2021,46,46,3051066927.7834606,3051066927.7834606,1.0
CZE,2022,46,46,3108149522.8715057,3108149522.8715057,1.0
CZE,2023,54,54,3093775976.3365726,3093775976.3365726,1.0
DEU,2018,43,43,17374885709.29223,17374885709.29223,1.0
DEU,2019,43,43,18842585315.608047,18842585315.608047,1.0
DEU,2020,43,43,19236977627.58953,19236977627.58953,1.0
DEU,2021,43,43,19173245755.561924,19173245755.561924,1.0
DEU,2022,43,43,19412104753.81053,19412104753.81053,1.0
DEU,2023,43,43,19463170578.94008,19463170578.94008,1.0
DNK,2018,34,34,2425403431.212208,2425403431.212208,1.0
DNK,2019,34,34,3318340752.626097,3318340752.626097,1.0
DNK,2020,34,34,3296160539.8236046,3296160539.8236046,1.0
DNK,2021,34,34,3080354988.082991,3080354988.082991,1.0
DNK,2022,34,34,3415020428.872019,3415020428.872019,1.0
DNK,2023,34,34,2887474242.366819,2887474242.366819,1.0
ESP,2018,76,76,38113742237.43012,38113742237.43012,1.0
ESP,2019,77,77,31989562550.535744,31989562550.535744,1.0
ESP,2020,77,77,36608868179.648865,36608868179.648865,1.0
ESP,2021,78,77,36011018623.63789,36011018623.63789,1.0
ESP,2022,77,77,27261282247.05929,27261282247.05929,1.0
ESP,2023,77,76,26582785105.1831,26582785105.1831,1.0
EST,2018,27,27,308073922.15664357,308073922.15664357,1.0
EST,2019,25,25,520902919.76280695,520902919.76280695,1.0
EST,2020,26,26,530201350.1863291,530201350.1863291,1.0
EST,2021,26,26,441657594.6215786,441657594.6215786,1.0
EST,2022,27,27,515409279.3394505,515409279.3394505,1.0
EST,2023,26,26,401161340.746652,401161340.746652,1.0
FIN,2018,33,33,878356962.0666633,878356962.0666633,1.0
FIN,2019,34,34,1164480358.6305666,1164480358.6305666,1.0
FIN,2020,34,34,1018075663.589113,1018075663.589113,1.0
FIN,2021,35,35,856533144.5430554,856533144.5430554,1.0
FIN,2022,36,36,1054528385.5993187,1054528385.5993187,1.0
FIN,2023,37,37,916694677.8569466,916694677.8569466,1.0
FRA,2018,74,73,30352473236.77867,30352473236.77867,1.0
FRA,2019,73,72,31107170807.618107,31107170807.618107,1.0
FRA,2020,73,72,28280446295.945972,28280446295.945972,1.0
FRA,2021,74,73,30395462899.07742,30395462899.07742,1.0
FRA,2022,74,73,29841154666.189056,29841154666.189056,1.0
FRA,2023,72,71,30905572548.31139,30905572548.31139,1.0
GEO,1993,36,36,1028356720.0248343,1028356720.0248343,1.0
GEO,2006,44,1,546958000.0,0.0,0.0
GEO,2007,45,1,729523000.0,0.0,0.0
GEO,2008,45,1,591866000.0,0.0,0.0
GNB,1993,23,23,168285874.50870782,168285874.50870782,1.0
GNB,1994,23,23,170828252.8605133,170828252.8605133,1.0
GNB,1995,23,23,178543721.10748014,178543721.10748014,1.0
GNB,1996,23,23,180371054.6471424,180371054.6471424,1.0
GNB,1997,23,23,190961393.04388618,190961393.04388618,1.0
GRC,2018,71,71,8823367208.467575,8823367208.467575,1.0
GRC,2019,72,72,9090896052.90781,9090896052.90781,1.0
GRC,2020,72,72,9128993768.696295,9128993768.696295,1.0
GRC,2021,73,73,8939971259.302868,8939971259.302868,1.0
GRC,2022,73,73,9243909107.852354,9243909107.852354,1.0
GRC,2023,73,73,7761768945.453347,7761768945.453347,1.0
HRV,2018,55,55,1786490531.905256,1786490531.905256,1.0
HRV,2019,55,55,1745367059.5682657,1745367059.5682657,1.0
HRV,2020,56,56,1972458237.758581,1972458237.758581,1.0
HRV,2021,56,56,1680987562.6939814,1680987562.6939814,1.0
HRV,2022,59,59,1513829902.4878616,1513829902.4878616,1.0
HRV,2023,58,58,1160614561.0159602,1160614561.0159602,1.0
HUN,2018,60,60,6148124816.046709,6148124816.046709,1.0
HUN,2019,61,61,6037670937.944767,6037670937.944767,1.0
HUN,2020,61,61,5805073233.275117,5805073233.275117,1.0
HUN,2021,60,60,5513018709.077015,5513018709.077015,1.0
HUN,2022,60,60,4004706727.621177,4004706727.621177,1.0
HUN,2023,59,59,5773696409.897915,5773696409.897915,1.0
IRL,2018,21,21,513693393.7746981,513693393.7746981,1.0
IRL,2019,22,22,647267935.3058913,647267935.3058913,1.0
IRL,2020,22,22,555465159.0160761,555465159.0160761,1.0
IRL,2021,21,21,684637414.731313,684637414.731313,1.0
IRL,2022,21,21,721116108.737517,721116108.737517,1.0
IRL,2023,20,20,595463049.5894655,595463049.5894655,1.0
ITA,2018,63,62,24750988410.659893,24750988410.659893,1.0
ITA,2019,66,65,24350727621.595116,24350727621.595116,1.0
ITA,2020,71,70,25231075570.76875,25231075570.76875,1.0
ITA,2021,73,72,24690181021.740196,24690181021.740196,1.0
ITA,2022,73,72,24377294408.187477,24377294408.187477,1.0
ITA,2023,73,72,23239121101.11325,23239121101.11325,1.0
JOR,1997,52,1,562335000.0,0.0,0.0
JOR,1999,52,1,512146000.0,0.0,0.0
JOR,2000,53,1,698112000.0,0.0,0.0
JOR,2001,53,1,597126000.0,0.0,0.0
JOR,2002,53,1,883442000.0,0.0,0.0
JOR,2003,53,1,761822000.0,0.0,0.0
JOR,2004,53,1,888172000.0,0.0,0.0
JOR,2005,52,1,938742000.0,0.0,0.0
JOR,2006,52,1,933152000.0,0.0,0.0
JOR,2010,52,1,1091079000.0,0.0,0.0
KAZ,1993,49,49,6236814356.524403,6236814356.524403,1.0
KGZ,1993,55,55,747953204.1095862,747953204.1095862,1.0
KGZ,1994,55,55,649148858.5899793,649148858.5899793,1.0
KGZ,1995,55,55,644280545.4163377,644280545.4163377,1.0
KGZ,1996,55,55,805034534.1240163,805034534.1240163,1.0
KGZ,1997,55,55,984342268.0264668,984342268.0264668,1.0
LTU,2018,45,45,1486610318.9842117,1486610318.9842117,1.0
LTU,2019,46,46,1847234654.8834467,1847234654.8834467,1.0
LTU,2020,45,45,2302520854.5988655,2302520854.5988655,1.0
LTU,2021,47,47,1943920183.6847568,1943920183.6847568,1.0
LTU,2022,47,47,2056960027.6907246,2056960027.6907246,1.0
LTU,2023,47,47,2013128908.9000852,2013128908.9000852,1.0
LVA,2009,42,1,673103000.0,0.0,0.0
LVA,2018,32,32,683972049.7824287,683972049.7824287,1.0
LVA,2019,30,30,1033923107.1844443,1033923107.1844443,1.0
LVA,2020,32,31,1141358700.6916704,1141358700.6916704,1.0
LVA,2021,29,29,975318712.0502971,975318712.0502971,1.0
LVA,2022,30,30,1021277158.1227024,1021277158.1227024,1.0
LVA,2023,30,30,895397381.1619371,895397381.1619371,1.0
MDA,1993,51,51,3002496051.29498,3002496051.29498,1.0
MDV,1993,16,16,11111818.183997247,11111818.183997247,1.0
MDV,1994,16,16,12275723.945833191,12275723.945833191,1.0
MDV,1995,16,16,12199198.726070667,12199198.726070667,1.0
MDV,1996,14,14,12937064.68788489,12937064.68788489,1.0
MDV,1997,16,16,11499072.517041244,11499072.517041244,1.0
MDV,1998,16,16,11388138.671029944,11388138.671029944,1.0
MDV,2019,20,1,8813413.352731379,413.3527313789449,4.6900413589570505e-05
MLT,2018,2,2,5863888.212821668,5863888.212821668,1.0
MLT,2019,2,2,5025889.231352799,5025889.231352799,1.0
MLT,2020,2,2,4475746.827268328,4475746.827268328,1.0
MLT,2021,2,2,4043817.49737816,4043817.49737816,1.0
MLT,2022,2,2,4866327.20741099,4866327.20741099,1.0
MLT,2023,3,3,4766449.648623684,4766449.648623684,1.0
MWI,1993,41,41,1783221131.881545,1783221131.881545,1.0
MWI,1994,41,41,1454396009.3160167,1454396009.3160167,1.0
MWI,1995,41,41,1732972220.4581487,1732972220.4581487,1.0
NLD,2018,41,40,4480324330.12008,4480324330.12008,1.0
NLD,2019,39,38,5081644745.90314,5081644745.90314,1.0
NLD,2020,39,38,5016981666.266195,5016981666.266195,1.0
NLD,2021,39,38,5054654954.349293,5054654954.349293,1.0
NLD,2022,40,39,4906574843.390429,4906574843.390429,1.0
NLD,2023,40,39,4719015382.316616,4719015382.316616,1.0
POL,2018,55,54,14865379416.488405,14865379416.488405,1.0
POL,2019,55,54,14310822969.641785,14310822969.641785,1.0
POL,2020,56,55,17078488639.78772,17078488639.78772,1.0
POL,2021,57,56,17038662769.737324,17038662769.737324,1.0
POL,2022,58,57,17512244092.367916,17512244092.367916,1.0
POL,2023,58,57,17270097864.24458,17270097864.24458,1.0
PRT,1993,69,1,3011088061.52077,5673061.52077026,0.0018840569936387189
PRT,1994,69,1,3166694167.424437,10524167.42443721,0.0033233924300927415
PRT,1995,68,1,3271003124.0506153,11075124.05061545,0.003385849426184796
PRT,1996,68,1,3589003336.6750493,13899336.675049441,0.0038727566879127413
PRT,1997,68,1,3157889819.0244384,13090819.024438282,0.004145432480124467
PRT,1998,67,1,2738410628.5832524,15406628.583252514,0.00562612064912387
PRT,1999,67,1,3466323439.3595166,12956439.35951676,0.0037378045027185234
PRT,2018,61,61,3518146212.0557246,3518146212.0557246,1.0
PRT,2019,60,60,4065888173.5142045,4065888173.5142045,1.0
PRT,2020,61,61,3776912478.3767786,3776912478.3767786,1.0
PRT,2021,60,60,4988169767.323182,4988169767.323182,1.0
PRT,2022,60,60,3961092652.0408974,3961092652.0408974,1.0
PRT,2023,60,60,4716904069.879687,4716904069.879687,1.0
PSE,1999,66,1,415485000.0,0.0,0.0
ROU,2009,66,1,8330650000.0,0.0,0.0
ROU,2018,60,59,13094918475.962793,13094918475.962793,1.0
ROU,2019,59,59,12205926699.776424,12205926699.776424,1.0
ROU,2020,60,59,8595874990.390108,8595874990.390108,1.0
ROU,2021,59,58,11423211031.184504,11423211031.184504,1.0
ROU,2022,59,58,8412290713.596016,8412290713.596016,1.0
ROU,2023,60,59,9046955127.23696,9046955127.23696,1.0
SVK,2018,52,52,1472506883.2574809,1472506883.2574809,1.0
SVK,2019,53,53,1422506783.567111,1422506783.567111,1.0
SVK,2020,52,52,1538237903.1100771,1538237903.1100771,1.0
SVK,2021,45,45,1518242163.142784,1518242163.142784,1.0
SVK,2022,48,48,1292964245.9153092,1292964245.9153092,1.0
SVK,2023,47,47,1565792458.6247113,1565792458.6247113,1.0
SVN,2018,56,56,375780382.8649832,375780382.8649832,1.0
SVN,2019,56,56,348540725.2375921,348540725.2375921,1.0
SVN,2020,57,57,392141223.8373134,392141223.8373134,1.0
SVN,2021,58,58,314883654.46992624,314883654.46992624,1.0
SVN,2022,58,58,303193240.5073124,303193240.5073124,1.0
SVN,2023,58,58,303126892.9628717,303126892.9628717,1.0
SWE,2018,39,39,1238000040.566624,1238000040.566624,1.0
SWE,2019,39,39,2030942263.0867374,2030942263.0867374,1.0
SWE,2020,39,39,1979251450.2602575,1979251450.2602575,1.0
SWE,2021,39,39,1770868671.9310908,1770868671.9310908,1.0
SWE,2022,39,39,1989836916.0798407,1989836916.0798407,1.0
SWE,2023,39,39,1588024553.3494327,1588024553.3494327,1.0
TCD,1993,23,23,591249686.1189219,591249686.1189219,1.0
TCD,1994,23,23,814212811.7051287,814212811.7051287,1.0
TCD,1995,23,23,806024843.947136,806024843.947136,1.0
TCD,1996,23,23,875314195.3836159,875314195.3836159,1.0
TCD,1997,23,23,1001253638.0470253,1001253638.0470253,1.0
TCD,1998,23,23,1140837997.4672205,1140837997.4672205,1.0
UKR,1993,59,58,22991078929.59513,22991078929.59513,1.0
VEN,2015,58,58,3472368147.6404657,3472368147.6404657,1.0
VEN,2016,58,58,3230026140.6164665,3230026140.6164665,1.0
VEN,2017,58,58,3210114333.4870625,3210114333.4870625,1.0
VEN,2018,58,58,2890274034.50029,2890274034.50029,1.0
VEN,2019,58,58,2939452583.1808987,2939452583.1808987,1.0
VEN,2020,58,58,3200554810.717876,3200554810.717876,1.0
VEN,2021,58,58,3595319350.516108,3595319350.516108,1.0
VEN,2022,58,58,3604266925.164136,3604266925.164136,1.0
VEN,2023,58,58,3605254528.148087,3605254528.148087,1.0
ZMB,1993,29,29,826664243.675575,826664243.675575,1.0
ZMB,1994,29,29,695269208.4288043,695269208.4288043,1.0
ZMB,1995,29,29,608679512.3856591,608679512.3856591,1.0
ZMB,1996,29,29,794513155.9630053,794513155.9630053,1.0
ZMB,1997,29,29,702642931.7663361,702642931.7663361,1.0
ZMB,1998,29,29,645240393.3867011,645240393.3867011,1.0
ZMB,1999,29,29,817694633.2366538,817694633.2366538,1.0
ZMB,2000,29,29,775104110.8383677,775104110.8383677,1.0
ZMB,2001,29,29,765125089.5643879,765125089.5643879,1.0
ZMB,2002,30,30,762278302.3573855,762278302.3573855,1.0
ZMB,2003,30,30,940701658.3093072,940701658.3093072,1.0
ZMB,2004,30,30,1000740890.961219,1000740890.961219,1.0
ZWE,2008,72,72,1672002712.8117256,1672002712.8117256,1.0
ZWE,2009,72,72,1679475666.253947,1679475666.253947,1.0
