iso3,n_years_value,n_drought_years,n_events_catalogue,n_crops_response,response_value_share,n_crops_decomp,decomp_value_share,cv_total_decomp
AFG,31,8,3,9,0.6406585497359377,35,0.9982905394621245,0.07120773302383752
AGO,31,0,0,6,0.5543359113113785,28,0.9659041885702433,0.09574189827102511
ALB,31,9,2,18,0.8322925561186831,43,0.9417825406254696,0.03461174761742057
ARE,31,19,1,4,0.8908364387746798,27,0.9980154578796339,0.3106853419526756
ARG,31,4,3,11,0.8231414401862922,73,1.0,0.10192808374901464
ARM,31,6,2,16,0.9311950032941386,30,0.9629841806740789,0.11377448059528518
AUS,31,6,4,14,0.8471062350299604,75,0.998322344896682,0.14797864746471
AUT,31,6,3,14,0.8380800009909367,39,0.965699343678698,0.0578695957932424
AZE,31,10,1,16,0.8158742583804736,54,0.9771472986748059,0.0702976177386604
BEN,31,3,2,13,0.8759720211277979,36,0.995866536335259,0.059661838525536755
BFA,31,6,2,7,0.6074273421416221,35,0.9180438345430347,0.08072904975314789
BGD,31,7,2,10,0.8567538106532094,55,0.9942198301294877,0.029906189360140827
BGR,31,8,3,11,0.8737296577994704,45,0.9715889667603131,0.10247062775262737
BIH,31,8,4,11,0.5233140558235244,44,0.9831759933709828,0.10154216345408025
BLR,31,8,2,18,0.9524006205331066,30,0.9873532682362183,0.08530089341678919
BLX,31,7,4,17,0.9085667006584551,34,0.8804984452172095,0.05140963285825111
BOL,31,6,2,18,0.8458286903360362,68,0.9999966315165801,0.040198848986424694
BRA,31,2,2,14,0.8958693575858853,68,0.9998804675591437,0.03450150398514702
CAN,31,2,1,12,0.9185830213362918,51,0.9984738611622936,0.08759887435794021
CHE,31,6,3,17,0.8963046917737545,46,0.987876485615368,0.08168137336444047
CHN,31,0,0,16,0.5639058969174056,110,0.9974546916211807,0.012421662514572326
COL,31,3,3,14,0.6542580890773361,50,0.9608956914103415,0.0327524541395644
CRI,31,3,1,8,0.7951488508419027,43,0.9995285331100023,0.052001912648032556
CUB,31,1,1,22,0.9323273720250712,41,0.9954024235570457,0.11215526061711836
CZE,31,7,3,12,0.8955248201238769,42,0.9702006115244867,0.07514780952043233
DEU,31,6,2,11,0.8822476257333299,37,0.9812682597132192,0.059315710257235345
DNK,31,6,3,8,0.9391343628045278,23,0.9805660792869779,0.06661051883437662
DOM,31,7,2,14,0.7854242639775056,46,0.9223983698468373,0.06516839465639222
DZA,31,13,2,23,0.9182238671617147,55,0.9993155976480991,0.07867144519959335
ECU,31,2,1,11,0.8735651320222454,76,0.9959580450134922,0.05744815242953875
EGY,31,6,2,22,0.8510541513341777,73,0.997233194222668,0.03702225590230521
ESP,31,11,2,19,0.8474148779859333,70,0.9849414241595396,0.09893978679631933
EST,31,4,3,10,0.919397093158149,20,0.9462119206605818,0.15380109233205616
ETH,31,1,1,10,0.5334973992554685,55,0.9694818004626631,0.06626130590069153
FIN,31,3,3,11,0.9412224971789762,26,0.9895359961343533,0.08125014531384046
FJI,31,6,2,5,0.8379123873855223,32,0.9899019415144114,0.09760184839879417
FRA,31,6,3,12,0.8707798141841514,66,0.9747280106316476,0.04720138627173541
GBR,31,4,1,13,0.9249494806776805,39,1.0,0.056114145131980445
GHA,31,5,2,6,0.4682855694583094,38,0.9754485978934825,0.02753085122490999
GMB,31,6,3,5,0.8410931967993474,12,0.9475874017199438,0.20983258938267263
GRC,31,8,2,16,0.8446554636668651,64,0.9748996611703771,0.04358300594107415
GTM,31,7,3,16,0.8126169252413551,59,0.9990790998763004,0.04219212375793117
GUY,31,4,0,2,0.754426453061194,24,0.9036288789369432,0.08957779017905028
HRV,31,5,2,13,0.884783616355702,44,0.810353099379502,0.1074142881452981
HUN,31,10,2,14,0.8727760948185526,53,0.9595559560348071,0.11929810016984937
IND,31,1,1,21,0.7978323095837278,78,0.994259784883924,0.02814062851844215
IRL,31,2,1,10,0.8968043199754082,18,0.9249407627193333,0.08649833956926613
IRN,31,9,3,28,0.8798367560170018,77,0.9964331749473635,0.07180582916927887
ISR,31,6,3,15,0.45171863004177926,66,0.9958578059100411,0.043112244164467226
ITA,31,12,3,20,0.8511216849890026,59,0.971660209452676,0.040620750562265905
JAM,31,5,2,16,0.5291993691114305,50,0.9984521767244152,0.04601537565537903
JOR,31,6,3,22,0.8914535400875728,46,0.9912479321106363,0.09140658905957674
JPN,31,4,1,16,0.38432112587204365,59,0.9923148068617893,0.030385946690477603
KAZ,31,8,2,15,0.8542928378347756,48,0.9544158940946973,0.14661786426514323
KGZ,31,6,3,19,0.8806674254001567,53,0.977696414985291,0.05382727854513417
KHM,31,3,2,4,0.8725758524541392,31,1.0,0.051731055306670104
KOR,31,4,1,18,0.7672170633976564,51,0.9904274264076988,0.033527087611670336
LAO,31,6,3,7,0.72252063712936,30,0.8642718519544139,0.08514217884344738
LTU,31,8,3,14,0.9290732157221797,26,0.9510472424446724,0.1294412536929021
LVA,31,6,3,10,0.9048681160562431,19,0.9322807435941194,0.13214584142793975
MAR,31,13,3,22,0.8414830395157674,89,0.997321882470883,0.11316891789043565
MDA,31,11,4,13,0.8906135826794408,49,0.9866989113748224,0.14942705050772764
MEX,31,2,1,23,0.8181782985628522,101,0.9998547196647344,0.0320221791575144
MKD,31,10,2,12,0.7871901986332636,50,0.9828591077315927,0.07874553095267776
MLI,31,9,3,10,0.6774787388590676,52,0.9803951531213876,0.05760959296155577
MMR,31,4,2,12,0.8416900545912587,41,0.9979930302240116,0.04608121408854297
MNG,31,16,1,6,0.8446482452409609,12,0.881221714602442,0.18800722572395775
MWI,31,7,3,8,0.5096372073633242,41,0.862830087341993,0.06885557563884642
NER,31,8,2,10,0.8108034683066702,39,0.9460949410299685,0.10217626333141817
NGA,31,3,1,9,0.6627183714619529,48,0.9999864100496015,0.044370714627172916
NIC,31,3,2,8,0.7715360454477174,33,1.0,0.05138525575501708
NLD,31,6,3,16,0.945395702769543,35,0.988568175699235,0.05096258185176645
NOR,31,1,1,16,0.9709612581556759,24,0.9961950113160409,0.0891241851870659
NPL,31,4,3,13,0.8926061534016143,42,0.9879135194908419,0.024152088608811906
PAK,31,4,3,12,0.8581250494593469,67,0.9988122947968242,0.048964532485227474
PER,31,1,0,21,0.7300176398558815,82,0.8989108226468505,0.026124737503596143
PHL,31,1,1,9,0.7384295032521,68,0.9811149075522897,0.02863503154595751
POL,31,6,2,21,0.9254569771195862,42,0.9762510202721792,0.06703923869968406
PRT,31,11,3,12,0.8084550138743687,52,0.981970522749719,0.0817047305639887
PRY,31,3,1,8,0.88399437641189,48,0.9877472797916131,0.14524987570789727
ROU,31,9,3,16,0.9094643107056725,46,0.973949780144003,0.1446713847601177
RUS,31,2,2,19,0.9093443485725978,58,0.9969933781410035,0.08477003339846458
SAU,31,11,4,14,0.884928636579809,23,0.9488173817378379,0.09362698274012127
SCG,31,9,2,12,0.6485172418836358,44,0.9868671337055467,0.09590019861036239
SDX,31,3,2,7,0.4299865760144826,43,0.99593812170894,0.11155871459969721
SEN,31,9,3,9,0.7694934532651689,29,0.9588889114448821,0.15369912798332533
SLV,31,4,3,11,0.8055511859413513,36,0.9414186581699983,0.05673144131737683
SVK,31,7,2,14,0.8997620095233799,41,0.9704365054671573,0.10254311508877115
SVN,31,10,2,13,0.8716365547951282,40,0.9465396897322702,0.08362183083736287
SWE,31,2,1,12,0.9351082759779538,28,0.9878889501365666,0.09424331621315897
SYR,31,10,2,18,0.834124697553637,60,0.9879991890778496,0.10881650144476171
TCD,31,2,1,10,0.79845462702196,22,0.9995393468728427,0.14476562241175278
TGO,31,4,2,9,0.7855953105639235,32,0.9815091752575453,0.054619906823886025
THA,31,5,3,9,0.8636275044081908,67,0.9977845933145953,0.040722828970166616
TJK,31,7,3,14,0.8821928222874094,38,0.9741233389693709,0.053432928450975484
TKM,31,13,3,3,0.6479361241706297,23,0.9961459218960733,0.1463470469221724
TUR,31,4,4,26,0.8534229655894895,86,0.9988462941700385,0.030025524261283458
TWN,31,5,2,24,0.760056238659969,62,0.9998373103313478,0.036589560443453115
TZA,31,4,2,9,0.5518307576764293,54,0.9874987056311573,0.06433380450692189
UKR,31,4,3,16,0.9039352590507083,55,0.9937278104183458,0.09954674367936531
URY,31,3,2,10,0.8376941737728284,41,0.9696413141341891,0.15447649200578328
USA,31,1,1,12,0.8366205634647669,84,0.9988248963552102,0.04548817756577077
UZB,31,7,3,15,0.9025586222661699,64,0.9767780130728266,0.05130738885193505
VEN,31,6,4,26,0.8800886985775984,55,0.9905004557193124,0.05852860390019802
VNM,31,3,1,13,0.8818274462360405,39,0.9984624374800988,0.0168772023782682
VUT,31,7,2,1,0.6385349927775464,6,0.7484007980723507,0.11850119749882422
YEM,31,1,0,21,0.7892108099140801,40,0.8917921033943038,0.07639254902760897
