variant,n_countries,face,predictor,rho,ci_lo,ci_hi,p,n
baseline,27,stability,hill1,-0.04945054945054945,-0.4628144452829265,0.36553234232962867,0.8065001385748233,27
baseline,27,stability,resp_div,0.2612942612942613,-0.09500021081868676,0.6175736721520426,0.18801025480768757,27
baseline,27,resistance,hill1,0.007863247863247862,-0.39802394220811976,0.41755877214106146,0.9695892871458933,26
baseline,27,resistance,resp_div,0.18153846153846154,-0.2479502778868332,0.5765996465040162,0.3747828144852429,26
baseline,27,recovery,hill1,0.045470085470085464,-0.40458319872777676,0.5287713332154318,0.8254320783624893,26
baseline,27,recovery,resp_div,-0.14529914529914528,-0.558874084015186,0.2490681674531467,0.4788099469582665,26
baseline,27,vulnerability,hill1,-0.0035270826761705752,-0.41759821653861634,0.41272359021116084,0.986069612206396,27
baseline,27,vulnerability,resp_div,-0.10901891908163597,-0.505439875832469,0.2836874889949235,0.5883065595898327,27
baseline,27,vuln_drought,hill1,-0.04353431448563329,-0.48067557221343166,0.3843796600836689,0.8292926653611064,27
baseline,27,vuln_drought,resp_div,-0.04417452499277495,-0.4513091409883395,0.35735901207118087,0.8268193675832277,27
lowess_frac_0.3,27,stability,hill1,-0.07509157509157507,-0.48483244493749666,0.3268720886144497,0.7097064211411553,27
lowess_frac_0.3,27,stability,resp_div,0.18437118437118435,-0.23568216404767203,0.5717192358183547,0.35725140967503277,27
lowess_frac_0.3,27,resistance,hill1,-0.010598290598290596,-0.4344550682791754,0.40338540490944313,0.9590192342872801,26
lowess_frac_0.3,27,resistance,resp_div,0.15008547008547007,-0.29451298121260994,0.5809295475446122,0.4642834547396419,26
lowess_frac_0.3,27,recovery,hill1,0.06803418803418802,-0.3756040371991636,0.5102215356217478,0.7412267471975363,26
lowess_frac_0.3,27,recovery,resp_div,-0.10837606837606836,-0.5522486869253634,0.33242145058334094,0.598200439533845,26
lowess_frac_0.3,27,vulnerability,hill1,0.08242131759244568,-0.3517063048519447,0.5348595958882543,0.6827561647143988,27
lowess_frac_0.3,27,vulnerability,resp_div,0.08625486724790828,-0.35932845066348723,0.5248219790610961,0.6688081450474817,27
lowess_frac_0.3,27,vuln_drought,hill1,0.0016459045063547634,-0.44563968481843147,0.4298155789494981,0.9934991761054249,27
lowess_frac_0.3,27,vuln_drought,resp_div,0.1300264560020263,-0.3168658874017993,0.5692990872011895,0.5180072449281733,27
lowess_frac_0.7,27,stability,hill1,-0.056776556776556776,-0.4765435125594488,0.35588453143048326,0.7784906465089783,27
lowess_frac_0.7,27,stability,resp_div,0.2344322344322344,-0.13216596163249528,0.5823152705169927,0.23919734682732224,27
lowess_frac_0.7,27,resistance,hill1,0.006495726495726496,-0.4085456995240542,0.4060612775797281,0.9748762981654804,26
lowess_frac_0.7,27,resistance,resp_div,0.14529914529914528,-0.2708703607362658,0.5482304661384616,0.4788099469582665,26
lowess_frac_0.7,27,recovery,hill1,-0.05846153846153846,-0.4995116397385885,0.4287604649157309,0.7766568886197724,26
lowess_frac_0.7,27,recovery,resp_div,-0.15555555555555553,-0.5454590374753873,0.23856972923983188,0.44796724666568805,26
lowess_frac_0.7,27,vulnerability,hill1,0.01130083571930809,-0.4041105553572779,0.4325704572231135,0.9553865033741653,27
lowess_frac_0.7,27,vulnerability,resp_div,0.0067805014315848525,-0.39502232131915616,0.40672327401201736,0.9732235157286877,27
lowess_frac_0.7,27,vuln_drought,hill1,0.00713144711462968,-0.4288579823248639,0.39845905908735496,0.9718381435298178,27
lowess_frac_0.7,27,vuln_drought,resp_div,0.03792633238234875,-0.374779962124005,0.473589147061008,0.8510231733371111,27
severe_drought_-1.5,27,stability,hill1,-0.04945054945054945,-0.4628144452829265,0.36553234232962867,0.8065001385748233,27
severe_drought_-1.5,27,stability,resp_div,0.2612942612942613,-0.09500021081868676,0.6175736721520426,0.18801025480768757,27
severe_drought_-1.5,27,resistance,hill1,-0.05632411067193676,-0.4433421207829689,0.3819824867197873,0.7985226107639527,23
severe_drought_-1.5,27,resistance,resp_div,0.2272727272727273,-0.20364827476554212,0.6248744629000189,0.29699219432941915,23
severe_drought_-1.5,27,recovery,hill1,-0.07114624505928854,-0.502008572507093,0.36843431663837,0.747008309304177,23
severe_drought_-1.5,27,recovery,resp_div,-0.17588932806324112,-0.5893639888890726,0.2515718562874248,0.4221005288301784,23
severe_drought_-1.5,27,vulnerability,hill1,-0.0035270826761705752,-0.41759821653861634,0.41272359021116084,0.986069612206396,27
severe_drought_-1.5,27,vulnerability,resp_div,-0.10901891908163597,-0.505439875832469,0.2836874889949235,0.5883065595898327,27
severe_drought_-1.5,27,vuln_drought,hill1,-0.08576322945931135,-0.5002725836491471,0.3867768504930961,0.6902922041720455,24
severe_drought_-1.5,27,vuln_drought,resp_div,-0.24598025152615674,-0.6076533037002319,0.1496420987928991,0.24660610450378892,24
imputed_value_share<=0.1,19,stability,hill1,-0.04912280701754386,-0.5815934691091137,0.42884473265203843,0.8417115685641903,19
imputed_value_share<=0.1,19,stability,resp_div,0.3578947368421052,-0.07379503546099289,0.7198643593464373,0.1324602775246397,19
imputed_value_share<=0.1,19,resistance,hill1,0.04437564499484004,-0.5010568485352479,0.5736821974172924,0.8612061336731367,18
imputed_value_share<=0.1,19,resistance,resp_div,0.1393188854489164,-0.3889526666474372,0.5810769949953252,0.5813962095847576,18
imputed_value_share<=0.1,19,recovery,hill1,0.01547987616099071,-0.5302958637787056,0.5824743502387011,0.9513880221541827,18
imputed_value_share<=0.1,19,recovery,resp_div,-0.11661506707946334,-0.5975599582898853,0.39716386554621785,0.6449317151979074,18
imputed_value_share<=0.1,19,vulnerability,hill1,0.011330035514051977,-0.48749466265243424,0.5238302081842485,0.9632824736896765,19
imputed_value_share<=0.1,19,vulnerability,resp_div,-0.04532014205620791,-0.4856324569046905,0.3960067341384917,0.8538341328571485,19
imputed_value_share<=0.1,19,vuln_drought,hill1,-0.06836339948811096,-0.5618196733311244,0.46911643379517737,0.7809478417402393,19
imputed_value_share<=0.1,19,vuln_drought,resp_div,0.07406034944545353,-0.4018264252255223,0.5069386004322103,0.7631709475304377,19
without East and South-East Asia,24,stability,hill1,-0.1469565217391304,-0.5581972753952802,0.26423809523809494,0.49319312211066607,24
without East and South-East Asia,24,stability,resp_div,0.20434782608695648,-0.19458573263958773,0.5795224907387,0.338157248513176,24
without East and South-East Asia,24,resistance,hill1,-0.08300395256916995,-0.4836331225386526,0.3440352426384615,0.7065268792142226,23
without East and South-East Asia,24,resistance,resp_div,0.0800395256916996,-0.36459526892077915,0.5369062749003981,0.7165801831888987,23
without East and South-East Asia,24,recovery,hill1,0.13932806324110672,-0.35323832644008873,0.6000502579504431,0.5260576523058188,23
without East and South-East Asia,24,recovery,resp_div,-0.02766798418972332,-0.4845918972257866,0.38183942160774,0.9002743229977443,23
without East and South-East Asia,24,vulnerability,hill1,0.09397130763484857,-0.3400399322207875,0.5122308028117751,0.6622880880539128,24
without East and South-East Asia,24,vulnerability,resp_div,-0.02349282690871214,-0.4444845481342374,0.3558863069583933,0.9132329781104983,24
without East and South-East Asia,24,vuln_drought,hill1,0.010540925533894598,-0.4372851949908154,0.4603960123711799,0.9610115610850782,24
without East and South-East Asia,24,vuln_drought,resp_div,0.06049574654235159,-0.3754878528396998,0.45793015249767594,0.7788612707706561,24
without Europe,19,stability,hill1,0.1824561403508772,-0.26591610726494774,0.6003715417447107,0.4546861307191131,19
without Europe,19,stability,resp_div,0.1701754385964912,-0.3116202065984456,0.6046480261205104,0.4860995397874448,19
without Europe,19,resistance,hill1,0.23219814241486067,-0.230296044649357,0.6409348523457096,0.3538383254251315,18
without Europe,19,resistance,resp_div,0.03611971104231166,-0.48591576690104704,0.5495359476767355,0.8868532969155285,18
without Europe,19,recovery,hill1,-0.1331269349845201,-0.6142981072124649,0.46419860542464514,0.5984607651208831,18
without Europe,19,recovery,resp_div,-0.027863777089783277,-0.5352031315547179,0.431601358411703,0.9126078919940869,18
without Europe,19,vulnerability,hill1,-0.30656433804968963,-0.6870913228044254,0.18803541420047795,0.20175404287536486,19
without Europe,19,vulnerability,resp_div,-0.12060038523876682,-0.5912219084991992,0.37633598398679957,0.6228619926336795,19
without Europe,19,vuln_drought,hill1,-0.3075836806969974,-0.7334297524065657,0.20300118591213226,0.2001818546511876,19
without Europe,19,vuln_drought,resp_div,-0.05384996190244167,-0.5304637814435862,0.43656346394675577,0.8266895034983947,19
without Latin America,24,stability,hill1,-0.09999999999999999,-0.5516108143157991,0.30941862575142737,0.6419932296067887,24
without Latin America,24,stability,resp_div,0.27652173913043476,-0.10065393104271056,0.6041942006963937,0.19086089033898032,24
without Latin America,24,resistance,hill1,-0.05138339920948617,-0.4578930368347392,0.3851411198043966,0.81588781284032,23
without Latin America,24,resistance,resp_div,0.2075098814229249,-0.26552968747455746,0.6064426750761359,0.3420707585353183,23
without Latin America,24,recovery,hill1,0.0790513833992095,-0.4033943391018218,0.5994245533888244,0.719941518440136,23
without Latin America,24,recovery,resp_div,-0.14031620553359686,-0.5319519960576112,0.27255836211047363,0.523097994066466,23
without Latin America,24,vulnerability,hill1,0.11072712326519313,-0.3343173902598729,0.5826316897107593,0.6064967838216008,24
without Latin America,24,vulnerability,resp_div,-0.09158910196009803,-0.4832432511210915,0.3110029463781453,0.6703725070008291,24
without Latin America,24,vuln_drought,hill1,0.049315713823309536,-0.3983848652597671,0.5427048168104036,0.8189946675527252,24
without Latin America,24,vuln_drought,resp_div,-0.03348039287087069,-0.43012012474274275,0.373489908470177,0.8765794049604976,24
without North Africa and West Asia,25,stability,hill1,-0.024615384615384615,-0.4442842853147054,0.38501007570638546,0.9070239485424344,25
without North Africa and West Asia,25,stability,resp_div,0.2276923076923077,-0.13017371161354052,0.5871893342048997,0.27367701498103636,25
without North Africa and West Asia,25,resistance,hill1,0.01826086956521739,-0.43163202685389024,0.44172241474965596,0.9325072970015154,24
without North Africa and West Asia,25,resistance,resp_div,0.1034782608695652,-0.29959171832534276,0.5197655884744581,0.6303950708493538,24
without North Africa and West Asia,25,recovery,hill1,0.020869565217391303,-0.4647775253389768,0.5228233421168198,0.92289170312162,24
without North Africa and West Asia,25,recovery,resp_div,-0.11391304347826085,-0.5404177710994471,0.29800839497925374,0.5961140506694134,24
without North Africa and West Asia,25,vulnerability,hill1,-0.013837611564322621,-0.4519724335270217,0.42558827200062527,0.9476574335374485,25
without North Africa and West Asia,25,vulnerability,resp_div,-0.03296607460912154,-0.44749907636660613,0.3417227349044081,0.8756911148079453,25
without North Africa and West Asia,25,vuln_drought,hill1,-0.05103869268615723,-0.5089884346341836,0.3974431424112685,0.808558467989104,25
without North Africa and West Asia,25,vuln_drought,resp_div,0.043689120939350595,-0.3602796296767979,0.41435636582709595,0.8357282331333623,25
without Northern America,25,stability,hill1,0.03230769230769231,-0.4074638923308683,0.43402137597571006,0.8781554683498889,25
without Northern America,25,stability,resp_div,0.2946153846153846,-0.07312550398178551,0.6427293924622989,0.15282630212252213,25
without Northern America,25,resistance,hill1,0.08608695652173912,-0.3374952898416278,0.4988059489213826,0.6891799258775776,24
without Northern America,25,resistance,resp_div,0.19999999999999998,-0.2209740280874192,0.605424321959755,0.34875573272354565,24
without Northern America,25,recovery,hill1,-0.050434782608695654,-0.516850129132713,0.4719356122660883,0.8149558189775675,24
without Northern America,25,recovery,resp_div,-0.15565217391304348,-0.5575426322693484,0.2324019024856504,0.4676705101638169,24
without Northern America,25,vulnerability,hill1,-0.06895574002284674,-0.49365464033376266,0.38851031914234135,0.7432765551079688,25
without Northern America,25,vulnerability,resp_div,-0.11906892317898538,-0.51430881645225,0.24845517906831474,0.5707901260534695,25
without Northern America,25,vuln_drought,hill1,-0.10117675232968656,-0.5425828832375001,0.35901649782397876,0.6303584011968886,25
without Northern America,25,vuln_drought,resp_div,-0.05576671388250441,-0.4450321354383245,0.3252190963080595,0.79119114191628,25
without Oceania,26,stability,hill1,-0.14940170940170938,-0.537003077481698,0.2692427798944104,0.46634449815034795,26
without Oceania,26,stability,resp_div,0.32239316239316235,-0.05061409197868077,0.6424620400463047,0.10821546241751383,26
without Oceania,26,resistance,hill1,-0.01769230769230769,-0.4464483941642004,0.41039912589335137,0.9331049901273374,25
without Oceania,26,resistance,resp_div,0.20230769230769227,-0.20569920815809276,0.5977330814119846,0.3321314401444695,25
without Oceania,26,recovery,hill1,0.1753846153846154,-0.27996124031007746,0.6391590408603853,0.40171841124929525,25
without Oceania,26,recovery,resp_div,-0.21461538461538462,-0.6048442517739361,0.1985038041917884,0.30291318718106247,25
without Oceania,26,vulnerability,hill1,0.09540171250321229,-0.3357785933731127,0.5204041359842355,0.6429410586212547,26
without Oceania,26,vulnerability,resp_div,-0.16117107491072985,-0.5352237953226131,0.2235324397485533,0.43153977456120796,26
without Oceania,26,vuln_drought,hill1,0.06959837196011291,-0.367081975632565,0.4803901233738306,0.7354838267035915,26
without Oceania,26,vuln_drought,resp_div,-0.10782338453924231,-0.4879148587521523,0.2895350601694875,0.6000790915822769,26
without South Asia,25,stability,hill1,-0.05846153846153846,-0.4871272512747267,0.36510676419520466,0.7813348550958151,25
without South Asia,25,stability,resp_div,0.24615384615384614,-0.1354603768961354,0.6077417234864042,0.23557603103467734,25
without South Asia,25,resistance,hill1,-0.030769230769230767,-0.42431446184369015,0.3859539348199458,0.8839182553315145,25
without South Asia,25,resistance,resp_div,0.14692307692307693,-0.28648971605655676,0.5643030462244004,0.48341316697868447,25
without South Asia,25,recovery,hill1,0.024615384615384615,-0.4470354321179433,0.4936408486792238,0.9070239485424344,25
without South Asia,25,recovery,resp_div,-0.1723076923076923,-0.5852794759006551,0.24889166226313325,0.41015675388856687,25
without South Asia,25,vulnerability,hill1,0.018441651401459012,-0.4065701592344627,0.4702296131670271,0.9302783078503639,25
without South Asia,25,vulnerability,resp_div,-0.09220825700729506,-0.52337180187599,0.2975636282943993,0.6611154224403163,25
without South Asia,25,vuln_drought,hill1,-0.026688355929484254,-0.4688930652533798,0.43607724896020617,0.8992314821559453,25
without South Asia,25,vuln_drought,resp_div,-0.023900020235359035,-0.44359868401296826,0.36602786634162954,0.9097150364065891,25
without Sub-Saharan Africa,21,stability,hill1,-0.11428571428571428,-0.6073520458411675,0.35653082865777286,0.6218181517971056,21
without Sub-Saharan Africa,21,stability,resp_div,0.28831168831168835,-0.15208818647062217,0.6562203706547893,0.2050017673142073,21
without Sub-Saharan Africa,21,resistance,hill1,-0.08721804511278194,-0.5532979941544827,0.37642867600409885,0.7146383646582315,20
without Sub-Saharan Africa,21,resistance,resp_div,0.43909774436090226,-0.044664827057407624,0.7604381557109579,0.05275071743383973,20
without Sub-Saharan Africa,21,recovery,hill1,0.09774436090225563,-0.39913882660451144,0.658112062191353,0.6818324385070821,20
without Sub-Saharan Africa,21,recovery,resp_div,-0.28872180451127816,-0.714773664262304,0.21108739630087908,0.2169926666873039,20
without Sub-Saharan Africa,21,vulnerability,hill1,0.00690226631016813,-0.46939078287691716,0.5597694520295277,0.9763114661546785,21
without Sub-Saharan Africa,21,vulnerability,resp_div,-0.2270845616045315,-0.6475061802812125,0.23240330820297572,0.32221165793261963,21
without Sub-Saharan Africa,21,vuln_drought,hill1,-0.010532658690558456,-0.5253064332992281,0.5283709279938938,0.9638584639772737,21
without Sub-Saharan Africa,21,vuln_drought,resp_div,-0.17624648875534482,-0.5995135563072224,0.2850853728075845,0.4447365748062868,21
